{
  "model": "tfidf_logreg",
  "dataset": "final\\phase1_dataset.jsonl",
  "seed": 4,
  "folds": 5,
  "grouping": {
    "rule": "phish paraphrase\u2192base_msg_id else\u2192msg_id",
    "n_groups_total": 240
  },
  "training_rule": "train on legit + phishing originals only",
  "conditions": {
    "A": "test on legit + phishing originals",
    "B": "test on legit + phishing paraphrases"
  },
  "fold_results": [
    {
      "fold": 1,
      "n_groups_train": 192,
      "n_groups_test": 48,
      "n_train_rows": 192,
      "n_testA_rows": 48,
      "n_testB_rows": 144,
      "condition_A": {
        "accuracy": 0.9583333333333334,
        "precision": 1.0,
        "recall": 0.9166666666666666,
        "f1": 0.9565217391304348,
        "confusion_matrix": [
          [
            24,
            0
          ],
          [
            2,
            22
          ]
        ]
      },
      "condition_B": {
        "accuracy": 0.9583333333333334,
        "precision": 1.0,
        "recall": 0.95,
        "f1": 0.9743589743589743,
        "confusion_matrix": [
          [
            24,
            0
          ],
          [
            6,
            114
          ]
        ]
      },
      "delta_f1": -0.017837235228539527,
      "delta_recall": -0.033333333333333326
    },
    {
      "fold": 2,
      "n_groups_train": 192,
      "n_groups_test": 48,
      "n_train_rows": 192,
      "n_testA_rows": 48,
      "n_testB_rows": 144,
      "condition_A": {
        "accuracy": 0.9791666666666666,
        "precision": 0.96,
        "recall": 1.0,
        "f1": 0.9795918367346939,
        "confusion_matrix": [
          [
            23,
            1
          ],
          [
            0,
            24
          ]
        ]
      },
      "condition_B": {
        "accuracy": 0.9722222222222222,
        "precision": 0.9915254237288136,
        "recall": 0.975,
        "f1": 0.9831932773109243,
        "confusion_matrix": [
          [
            23,
            1
          ],
          [
            3,
            117
          ]
        ]
      },
      "delta_f1": -0.0036014405762304635,
      "delta_recall": 0.025000000000000022
    },
    {
      "fold": 3,
      "n_groups_train": 192,
      "n_groups_test": 48,
      "n_train_rows": 192,
      "n_testA_rows": 48,
      "n_testB_rows": 144,
      "condition_A": {
        "accuracy": 0.9791666666666666,
        "precision": 1.0,
        "recall": 0.9583333333333334,
        "f1": 0.9787234042553191,
        "confusion_matrix": [
          [
            24,
            0
          ],
          [
            1,
            23
          ]
        ]
      },
      "condition_B": {
        "accuracy": 0.9583333333333334,
        "precision": 1.0,
        "recall": 0.95,
        "f1": 0.9743589743589743,
        "confusion_matrix": [
          [
            24,
            0
          ],
          [
            6,
            114
          ]
        ]
      },
      "delta_f1": 0.004364429896344779,
      "delta_recall": 0.008333333333333415
    },
    {
      "fold": 4,
      "n_groups_train": 192,
      "n_groups_test": 48,
      "n_train_rows": 192,
      "n_testA_rows": 48,
      "n_testB_rows": 144,
      "condition_A": {
        "accuracy": 0.9791666666666666,
        "precision": 1.0,
        "recall": 0.9583333333333334,
        "f1": 0.9787234042553191,
        "confusion_matrix": [
          [
            24,
            0
          ],
          [
            1,
            23
          ]
        ]
      },
      "condition_B": {
        "accuracy": 0.9722222222222222,
        "precision": 1.0,
        "recall": 0.9666666666666667,
        "f1": 0.9830508474576272,
        "confusion_matrix": [
          [
            24,
            0
          ],
          [
            4,
            116
          ]
        ]
      },
      "delta_f1": -0.004327443202308046,
      "delta_recall": -0.008333333333333304
    },
    {
      "fold": 5,
      "n_groups_train": 192,
      "n_groups_test": 48,
      "n_train_rows": 192,
      "n_testA_rows": 48,
      "n_testB_rows": 144,
      "condition_A": {
        "accuracy": 0.9583333333333334,
        "precision": 1.0,
        "recall": 0.9166666666666666,
        "f1": 0.9565217391304348,
        "confusion_matrix": [
          [
            24,
            0
          ],
          [
            2,
            22
          ]
        ]
      },
      "condition_B": {
        "accuracy": 0.9861111111111112,
        "precision": 1.0,
        "recall": 0.9833333333333333,
        "f1": 0.9915966386554622,
        "confusion_matrix": [
          [
            24,
            0
          ],
          [
            2,
            118
          ]
        ]
      },
      "delta_f1": -0.0350748995250274,
      "delta_recall": -0.06666666666666665
    }
  ],
  "aggregate": {
    "A_f1": {
      "mean": 0.9700164247012403,
      "std": 0.012324006844676287
    },
    "B_f1": {
      "mean": 0.9813117424283924,
      "std": 0.0072288608693335575
    },
    "A_recall": {
      "mean": 0.95,
      "std": 0.03486083443891984
    },
    "B_recall": {
      "mean": 0.9650000000000001,
      "std": 0.014907119849998601
    },
    "delta_f1": {
      "mean": -0.011295317727152133,
      "std": 0.01550193465116421
    },
    "delta_recall": {
      "mean": -0.014999999999999968,
      "std": 0.0360362471840661
    }
  }
}