{
  "model": "tfidf_logreg",
  "dataset": "final\\phase1_dataset.jsonl",
  "seed": 9,
  "folds": 5,
  "grouping": {
    "rule": "phish paraphrase\u2192base_msg_id else\u2192msg_id",
    "n_groups_total": 240
  },
  "training_rule": "train on legit + phishing originals only",
  "conditions": {
    "A": "test on legit + phishing originals",
    "B": "test on legit + phishing paraphrases"
  },
  "fold_results": [
    {
      "fold": 1,
      "n_groups_train": 192,
      "n_groups_test": 48,
      "n_train_rows": 192,
      "n_testA_rows": 48,
      "n_testB_rows": 144,
      "condition_A": {
        "accuracy": 0.9791666666666666,
        "precision": 1.0,
        "recall": 0.9583333333333334,
        "f1": 0.9787234042553191,
        "confusion_matrix": [
          [
            24,
            0
          ],
          [
            1,
            23
          ]
        ]
      },
      "condition_B": {
        "accuracy": 0.9722222222222222,
        "precision": 1.0,
        "recall": 0.9666666666666667,
        "f1": 0.9830508474576272,
        "confusion_matrix": [
          [
            24,
            0
          ],
          [
            4,
            116
          ]
        ]
      },
      "delta_f1": -0.004327443202308046,
      "delta_recall": -0.008333333333333304
    },
    {
      "fold": 2,
      "n_groups_train": 192,
      "n_groups_test": 48,
      "n_train_rows": 192,
      "n_testA_rows": 48,
      "n_testB_rows": 144,
      "condition_A": {
        "accuracy": 0.9791666666666666,
        "precision": 1.0,
        "recall": 0.9583333333333334,
        "f1": 0.9787234042553191,
        "confusion_matrix": [
          [
            24,
            0
          ],
          [
            1,
            23
          ]
        ]
      },
      "condition_B": {
        "accuracy": 0.9513888888888888,
        "precision": 1.0,
        "recall": 0.9416666666666667,
        "f1": 0.9699570815450643,
        "confusion_matrix": [
          [
            24,
            0
          ],
          [
            7,
            113
          ]
        ]
      },
      "delta_f1": 0.008766322710254792,
      "delta_recall": 0.01666666666666672
    },
    {
      "fold": 3,
      "n_groups_train": 192,
      "n_groups_test": 48,
      "n_train_rows": 192,
      "n_testA_rows": 48,
      "n_testB_rows": 144,
      "condition_A": {
        "accuracy": 1.0,
        "precision": 1.0,
        "recall": 1.0,
        "f1": 1.0,
        "confusion_matrix": [
          [
            24,
            0
          ],
          [
            0,
            24
          ]
        ]
      },
      "condition_B": {
        "accuracy": 0.9861111111111112,
        "precision": 1.0,
        "recall": 0.9833333333333333,
        "f1": 0.9915966386554622,
        "confusion_matrix": [
          [
            24,
            0
          ],
          [
            2,
            118
          ]
        ]
      },
      "delta_f1": 0.008403361344537785,
      "delta_recall": 0.01666666666666672
    },
    {
      "fold": 4,
      "n_groups_train": 192,
      "n_groups_test": 48,
      "n_train_rows": 192,
      "n_testA_rows": 48,
      "n_testB_rows": 144,
      "condition_A": {
        "accuracy": 0.9791666666666666,
        "precision": 1.0,
        "recall": 0.9583333333333334,
        "f1": 0.9787234042553191,
        "confusion_matrix": [
          [
            24,
            0
          ],
          [
            1,
            23
          ]
        ]
      },
      "condition_B": {
        "accuracy": 0.9652777777777778,
        "precision": 1.0,
        "recall": 0.9583333333333334,
        "f1": 0.9787234042553191,
        "confusion_matrix": [
          [
            24,
            0
          ],
          [
            5,
            115
          ]
        ]
      },
      "delta_f1": 0.0,
      "delta_recall": 0.0
    },
    {
      "fold": 5,
      "n_groups_train": 192,
      "n_groups_test": 48,
      "n_train_rows": 192,
      "n_testA_rows": 48,
      "n_testB_rows": 144,
      "condition_A": {
        "accuracy": 0.9791666666666666,
        "precision": 1.0,
        "recall": 0.9583333333333334,
        "f1": 0.9787234042553191,
        "confusion_matrix": [
          [
            24,
            0
          ],
          [
            1,
            23
          ]
        ]
      },
      "condition_B": {
        "accuracy": 0.9652777777777778,
        "precision": 1.0,
        "recall": 0.9583333333333334,
        "f1": 0.9787234042553191,
        "confusion_matrix": [
          [
            24,
            0
          ],
          [
            5,
            115
          ]
        ]
      },
      "delta_f1": 0.0,
      "delta_recall": 0.0
    }
  ],
  "aggregate": {
    "A_f1": {
      "mean": 0.9829787234042552,
      "std": 0.009515182882977842
    },
    "B_f1": {
      "mean": 0.9804102752337585,
      "std": 0.007859193246782002
    },
    "A_recall": {
      "mean": 0.9666666666666668,
      "std": 0.01863389981249823
    },
    "B_recall": {
      "mean": 0.9616666666666667,
      "std": 0.015138251770487443
    },
    "delta_f1": {
      "mean": 0.0025684481704969066,
      "std": 0.0057707675051451865
    },
    "delta_recall": {
      "mean": 0.005000000000000027,
      "std": 0.011180339887498968
    }
  }
}