{
  "model": "tfidf_logreg",
  "dataset": "final\\phase1_dataset.jsonl",
  "seed": 7,
  "folds": 5,
  "grouping": {
    "rule": "phish paraphrase\u2192base_msg_id else\u2192msg_id",
    "n_groups_total": 240
  },
  "training_rule": "train on legit + phishing originals only",
  "conditions": {
    "A": "test on legit + phishing originals",
    "B": "test on legit + phishing paraphrases"
  },
  "fold_results": [
    {
      "fold": 1,
      "n_groups_train": 192,
      "n_groups_test": 48,
      "n_train_rows": 192,
      "n_testA_rows": 48,
      "n_testB_rows": 144,
      "condition_A": {
        "accuracy": 0.9583333333333334,
        "precision": 1.0,
        "recall": 0.9166666666666666,
        "f1": 0.9565217391304348,
        "confusion_matrix": [
          [
            24,
            0
          ],
          [
            2,
            22
          ]
        ]
      },
      "condition_B": {
        "accuracy": 0.9722222222222222,
        "precision": 1.0,
        "recall": 0.9666666666666667,
        "f1": 0.9830508474576272,
        "confusion_matrix": [
          [
            24,
            0
          ],
          [
            4,
            116
          ]
        ]
      },
      "delta_f1": -0.026529108327192352,
      "delta_recall": -0.050000000000000044
    },
    {
      "fold": 2,
      "n_groups_train": 192,
      "n_groups_test": 48,
      "n_train_rows": 192,
      "n_testA_rows": 48,
      "n_testB_rows": 144,
      "condition_A": {
        "accuracy": 0.9375,
        "precision": 0.9565217391304348,
        "recall": 0.9166666666666666,
        "f1": 0.9361702127659575,
        "confusion_matrix": [
          [
            23,
            1
          ],
          [
            2,
            22
          ]
        ]
      },
      "condition_B": {
        "accuracy": 0.9513888888888888,
        "precision": 0.991304347826087,
        "recall": 0.95,
        "f1": 0.9702127659574468,
        "confusion_matrix": [
          [
            23,
            1
          ],
          [
            6,
            114
          ]
        ]
      },
      "delta_f1": -0.0340425531914893,
      "delta_recall": -0.033333333333333326
    },
    {
      "fold": 3,
      "n_groups_train": 192,
      "n_groups_test": 48,
      "n_train_rows": 192,
      "n_testA_rows": 48,
      "n_testB_rows": 144,
      "condition_A": {
        "accuracy": 0.9583333333333334,
        "precision": 1.0,
        "recall": 0.9166666666666666,
        "f1": 0.9565217391304348,
        "confusion_matrix": [
          [
            24,
            0
          ],
          [
            2,
            22
          ]
        ]
      },
      "condition_B": {
        "accuracy": 0.9722222222222222,
        "precision": 1.0,
        "recall": 0.9666666666666667,
        "f1": 0.9830508474576272,
        "confusion_matrix": [
          [
            24,
            0
          ],
          [
            4,
            116
          ]
        ]
      },
      "delta_f1": -0.026529108327192352,
      "delta_recall": -0.050000000000000044
    },
    {
      "fold": 4,
      "n_groups_train": 192,
      "n_groups_test": 48,
      "n_train_rows": 192,
      "n_testA_rows": 48,
      "n_testB_rows": 144,
      "condition_A": {
        "accuracy": 1.0,
        "precision": 1.0,
        "recall": 1.0,
        "f1": 1.0,
        "confusion_matrix": [
          [
            24,
            0
          ],
          [
            0,
            24
          ]
        ]
      },
      "condition_B": {
        "accuracy": 0.9791666666666666,
        "precision": 1.0,
        "recall": 0.975,
        "f1": 0.9873417721518988,
        "confusion_matrix": [
          [
            24,
            0
          ],
          [
            3,
            117
          ]
        ]
      },
      "delta_f1": 0.012658227848101222,
      "delta_recall": 0.025000000000000022
    },
    {
      "fold": 5,
      "n_groups_train": 192,
      "n_groups_test": 48,
      "n_train_rows": 192,
      "n_testA_rows": 48,
      "n_testB_rows": 144,
      "condition_A": {
        "accuracy": 1.0,
        "precision": 1.0,
        "recall": 1.0,
        "f1": 1.0,
        "confusion_matrix": [
          [
            24,
            0
          ],
          [
            0,
            24
          ]
        ]
      },
      "condition_B": {
        "accuracy": 0.9652777777777778,
        "precision": 1.0,
        "recall": 0.9583333333333334,
        "f1": 0.9787234042553191,
        "confusion_matrix": [
          [
            24,
            0
          ],
          [
            5,
            115
          ]
        ]
      },
      "delta_f1": 0.021276595744680882,
      "delta_recall": 0.04166666666666663
    }
  ],
  "aggregate": {
    "A_f1": {
      "mean": 0.9698427382053655,
      "std": 0.028756120566222215
    },
    "B_f1": {
      "mean": 0.9804759274559839,
      "std": 0.006496231040612528
    },
    "A_recall": {
      "mean": 0.95,
      "std": 0.04564354645876386
    },
    "B_recall": {
      "mean": 0.9633333333333333,
      "std": 0.009501461875826154
    },
    "delta_f1": {
      "mean": -0.01063318925061838,
      "std": 0.02556405335430435
    },
    "delta_recall": {
      "mean": -0.013333333333333353,
      "std": 0.04354116825871045
    }
  }
}