{
  "model": "tfidf_logreg",
  "dataset": "final\\phase1_dataset.jsonl",
  "seed": 5,
  "folds": 5,
  "grouping": {
    "rule": "phish paraphrase\u2192base_msg_id else\u2192msg_id",
    "n_groups_total": 240
  },
  "training_rule": "train on legit + phishing originals only",
  "conditions": {
    "A": "test on legit + phishing originals",
    "B": "test on legit + phishing paraphrases"
  },
  "fold_results": [
    {
      "fold": 1,
      "n_groups_train": 192,
      "n_groups_test": 48,
      "n_train_rows": 192,
      "n_testA_rows": 48,
      "n_testB_rows": 144,
      "condition_A": {
        "accuracy": 1.0,
        "precision": 1.0,
        "recall": 1.0,
        "f1": 1.0,
        "confusion_matrix": [
          [
            24,
            0
          ],
          [
            0,
            24
          ]
        ]
      },
      "condition_B": {
        "accuracy": 0.9722222222222222,
        "precision": 1.0,
        "recall": 0.9666666666666667,
        "f1": 0.9830508474576272,
        "confusion_matrix": [
          [
            24,
            0
          ],
          [
            4,
            116
          ]
        ]
      },
      "delta_f1": 0.016949152542372836,
      "delta_recall": 0.033333333333333326
    },
    {
      "fold": 2,
      "n_groups_train": 192,
      "n_groups_test": 48,
      "n_train_rows": 192,
      "n_testA_rows": 48,
      "n_testB_rows": 144,
      "condition_A": {
        "accuracy": 0.9583333333333334,
        "precision": 1.0,
        "recall": 0.9166666666666666,
        "f1": 0.9565217391304348,
        "confusion_matrix": [
          [
            24,
            0
          ],
          [
            2,
            22
          ]
        ]
      },
      "condition_B": {
        "accuracy": 0.9444444444444444,
        "precision": 1.0,
        "recall": 0.9333333333333333,
        "f1": 0.9655172413793104,
        "confusion_matrix": [
          [
            24,
            0
          ],
          [
            8,
            112
          ]
        ]
      },
      "delta_f1": -0.008995502248875575,
      "delta_recall": -0.01666666666666672
    },
    {
      "fold": 3,
      "n_groups_train": 192,
      "n_groups_test": 48,
      "n_train_rows": 192,
      "n_testA_rows": 48,
      "n_testB_rows": 144,
      "condition_A": {
        "accuracy": 0.9791666666666666,
        "precision": 1.0,
        "recall": 0.9583333333333334,
        "f1": 0.9787234042553191,
        "confusion_matrix": [
          [
            24,
            0
          ],
          [
            1,
            23
          ]
        ]
      },
      "condition_B": {
        "accuracy": 0.9722222222222222,
        "precision": 1.0,
        "recall": 0.9666666666666667,
        "f1": 0.9830508474576272,
        "confusion_matrix": [
          [
            24,
            0
          ],
          [
            4,
            116
          ]
        ]
      },
      "delta_f1": -0.004327443202308046,
      "delta_recall": -0.008333333333333304
    },
    {
      "fold": 4,
      "n_groups_train": 192,
      "n_groups_test": 48,
      "n_train_rows": 192,
      "n_testA_rows": 48,
      "n_testB_rows": 144,
      "condition_A": {
        "accuracy": 0.9791666666666666,
        "precision": 1.0,
        "recall": 0.9583333333333334,
        "f1": 0.9787234042553191,
        "confusion_matrix": [
          [
            24,
            0
          ],
          [
            1,
            23
          ]
        ]
      },
      "condition_B": {
        "accuracy": 0.9861111111111112,
        "precision": 1.0,
        "recall": 0.9833333333333333,
        "f1": 0.9915966386554622,
        "confusion_matrix": [
          [
            24,
            0
          ],
          [
            2,
            118
          ]
        ]
      },
      "delta_f1": -0.012873234400143097,
      "delta_recall": -0.02499999999999991
    },
    {
      "fold": 5,
      "n_groups_train": 192,
      "n_groups_test": 48,
      "n_train_rows": 192,
      "n_testA_rows": 48,
      "n_testB_rows": 144,
      "condition_A": {
        "accuracy": 0.9166666666666666,
        "precision": 0.9545454545454546,
        "recall": 0.875,
        "f1": 0.9130434782608695,
        "confusion_matrix": [
          [
            23,
            1
          ],
          [
            3,
            21
          ]
        ]
      },
      "condition_B": {
        "accuracy": 0.9513888888888888,
        "precision": 0.991304347826087,
        "recall": 0.95,
        "f1": 0.9702127659574468,
        "confusion_matrix": [
          [
            23,
            1
          ],
          [
            6,
            114
          ]
        ]
      },
      "delta_f1": -0.05716928769657725,
      "delta_recall": -0.07499999999999996
    }
  ],
  "aggregate": {
    "A_f1": {
      "mean": 0.9654024051803886,
      "std": 0.033061363620035936
    },
    "B_f1": {
      "mean": 0.9786856681814948,
      "std": 0.010606604962804737
    },
    "A_recall": {
      "mean": 0.9416666666666668,
      "std": 0.047507309379130766
    },
    "B_recall": {
      "mean": 0.96,
      "std": 0.019002923751652287
    },
    "delta_f1": {
      "mean": -0.013283263001106226,
      "std": 0.02710508179823301
    },
    "delta_recall": {
      "mean": -0.018333333333333313,
      "std": 0.03881938232950703
    }
  }
}