{
  "model": "tfidf_logreg",
  "dataset": "final\\phase1_dataset.jsonl",
  "seed": 2,
  "folds": 5,
  "grouping": {
    "rule": "phish paraphrase\u2192base_msg_id else\u2192msg_id",
    "n_groups_total": 240
  },
  "training_rule": "train on legit + phishing originals only",
  "conditions": {
    "A": "test on legit + phishing originals",
    "B": "test on legit + phishing paraphrases"
  },
  "fold_results": [
    {
      "fold": 1,
      "n_groups_train": 192,
      "n_groups_test": 48,
      "n_train_rows": 192,
      "n_testA_rows": 48,
      "n_testB_rows": 144,
      "condition_A": {
        "accuracy": 0.9583333333333334,
        "precision": 0.9583333333333334,
        "recall": 0.9583333333333334,
        "f1": 0.9583333333333334,
        "confusion_matrix": [
          [
            23,
            1
          ],
          [
            1,
            23
          ]
        ]
      },
      "condition_B": {
        "accuracy": 0.9930555555555556,
        "precision": 0.9917355371900827,
        "recall": 1.0,
        "f1": 0.995850622406639,
        "confusion_matrix": [
          [
            23,
            1
          ],
          [
            0,
            120
          ]
        ]
      },
      "delta_f1": -0.03751728907330565,
      "delta_recall": -0.04166666666666663
    },
    {
      "fold": 2,
      "n_groups_train": 192,
      "n_groups_test": 48,
      "n_train_rows": 192,
      "n_testA_rows": 48,
      "n_testB_rows": 144,
      "condition_A": {
        "accuracy": 0.9583333333333334,
        "precision": 1.0,
        "recall": 0.9166666666666666,
        "f1": 0.9565217391304348,
        "confusion_matrix": [
          [
            24,
            0
          ],
          [
            2,
            22
          ]
        ]
      },
      "condition_B": {
        "accuracy": 0.9861111111111112,
        "precision": 1.0,
        "recall": 0.9833333333333333,
        "f1": 0.9915966386554622,
        "confusion_matrix": [
          [
            24,
            0
          ],
          [
            2,
            118
          ]
        ]
      },
      "delta_f1": -0.0350748995250274,
      "delta_recall": -0.06666666666666665
    },
    {
      "fold": 3,
      "n_groups_train": 192,
      "n_groups_test": 48,
      "n_train_rows": 192,
      "n_testA_rows": 48,
      "n_testB_rows": 144,
      "condition_A": {
        "accuracy": 1.0,
        "precision": 1.0,
        "recall": 1.0,
        "f1": 1.0,
        "confusion_matrix": [
          [
            24,
            0
          ],
          [
            0,
            24
          ]
        ]
      },
      "condition_B": {
        "accuracy": 0.9722222222222222,
        "precision": 1.0,
        "recall": 0.9666666666666667,
        "f1": 0.9830508474576272,
        "confusion_matrix": [
          [
            24,
            0
          ],
          [
            4,
            116
          ]
        ]
      },
      "delta_f1": 0.016949152542372836,
      "delta_recall": 0.033333333333333326
    },
    {
      "fold": 4,
      "n_groups_train": 192,
      "n_groups_test": 48,
      "n_train_rows": 192,
      "n_testA_rows": 48,
      "n_testB_rows": 144,
      "condition_A": {
        "accuracy": 0.9583333333333334,
        "precision": 1.0,
        "recall": 0.9166666666666666,
        "f1": 0.9565217391304348,
        "confusion_matrix": [
          [
            24,
            0
          ],
          [
            2,
            22
          ]
        ]
      },
      "condition_B": {
        "accuracy": 0.9444444444444444,
        "precision": 1.0,
        "recall": 0.9333333333333333,
        "f1": 0.9655172413793104,
        "confusion_matrix": [
          [
            24,
            0
          ],
          [
            8,
            112
          ]
        ]
      },
      "delta_f1": -0.008995502248875575,
      "delta_recall": -0.01666666666666672
    },
    {
      "fold": 5,
      "n_groups_train": 192,
      "n_groups_test": 48,
      "n_train_rows": 192,
      "n_testA_rows": 48,
      "n_testB_rows": 144,
      "condition_A": {
        "accuracy": 1.0,
        "precision": 1.0,
        "recall": 1.0,
        "f1": 1.0,
        "confusion_matrix": [
          [
            24,
            0
          ],
          [
            0,
            24
          ]
        ]
      },
      "condition_B": {
        "accuracy": 0.9652777777777778,
        "precision": 1.0,
        "recall": 0.9583333333333334,
        "f1": 0.9787234042553191,
        "confusion_matrix": [
          [
            24,
            0
          ],
          [
            5,
            115
          ]
        ]
      },
      "delta_f1": 0.021276595744680882,
      "delta_recall": 0.04166666666666663
    }
  ],
  "aggregate": {
    "A_f1": {
      "mean": 0.9742753623188406,
      "std": 0.023494917154889078
    },
    "B_f1": {
      "mean": 0.9829477508308717,
      "std": 0.01186344962636178
    },
    "A_recall": {
      "mean": 0.9583333333333333,
      "std": 0.041666666666666685
    },
    "B_recall": {
      "mean": 0.9683333333333334,
      "std": 0.02527625148017182
    },
    "delta_f1": {
      "mean": -0.008672388512030981,
      "std": 0.027760720013534565
    },
    "delta_recall": {
      "mean": -0.010000000000000009,
      "std": 0.0469189608675308
    }
  }
}