{
  "model": "tfidf_logreg",
  "dataset": "final\\phase1_dataset.jsonl",
  "seed": 8,
  "folds": 5,
  "grouping": {
    "rule": "phish paraphrase\u2192base_msg_id else\u2192msg_id",
    "n_groups_total": 240
  },
  "training_rule": "train on legit + phishing originals only",
  "conditions": {
    "A": "test on legit + phishing originals",
    "B": "test on legit + phishing paraphrases"
  },
  "fold_results": [
    {
      "fold": 1,
      "n_groups_train": 192,
      "n_groups_test": 48,
      "n_train_rows": 192,
      "n_testA_rows": 48,
      "n_testB_rows": 144,
      "condition_A": {
        "accuracy": 0.9583333333333334,
        "precision": 1.0,
        "recall": 0.9166666666666666,
        "f1": 0.9565217391304348,
        "confusion_matrix": [
          [
            24,
            0
          ],
          [
            2,
            22
          ]
        ]
      },
      "condition_B": {
        "accuracy": 0.9513888888888888,
        "precision": 1.0,
        "recall": 0.9416666666666667,
        "f1": 0.9699570815450643,
        "confusion_matrix": [
          [
            24,
            0
          ],
          [
            7,
            113
          ]
        ]
      },
      "delta_f1": -0.013435342414629514,
      "delta_recall": -0.025000000000000022
    },
    {
      "fold": 2,
      "n_groups_train": 192,
      "n_groups_test": 48,
      "n_train_rows": 192,
      "n_testA_rows": 48,
      "n_testB_rows": 144,
      "condition_A": {
        "accuracy": 0.9583333333333334,
        "precision": 0.9583333333333334,
        "recall": 0.9583333333333334,
        "f1": 0.9583333333333334,
        "confusion_matrix": [
          [
            23,
            1
          ],
          [
            1,
            23
          ]
        ]
      },
      "condition_B": {
        "accuracy": 0.9583333333333334,
        "precision": 0.9913793103448276,
        "recall": 0.9583333333333334,
        "f1": 0.9745762711864406,
        "confusion_matrix": [
          [
            23,
            1
          ],
          [
            5,
            115
          ]
        ]
      },
      "delta_f1": -0.016242937853107264,
      "delta_recall": 0.0
    },
    {
      "fold": 3,
      "n_groups_train": 192,
      "n_groups_test": 48,
      "n_train_rows": 192,
      "n_testA_rows": 48,
      "n_testB_rows": 144,
      "condition_A": {
        "accuracy": 0.9583333333333334,
        "precision": 1.0,
        "recall": 0.9166666666666666,
        "f1": 0.9565217391304348,
        "confusion_matrix": [
          [
            24,
            0
          ],
          [
            2,
            22
          ]
        ]
      },
      "condition_B": {
        "accuracy": 0.9583333333333334,
        "precision": 1.0,
        "recall": 0.95,
        "f1": 0.9743589743589743,
        "confusion_matrix": [
          [
            24,
            0
          ],
          [
            6,
            114
          ]
        ]
      },
      "delta_f1": -0.017837235228539527,
      "delta_recall": -0.033333333333333326
    },
    {
      "fold": 4,
      "n_groups_train": 192,
      "n_groups_test": 48,
      "n_train_rows": 192,
      "n_testA_rows": 48,
      "n_testB_rows": 144,
      "condition_A": {
        "accuracy": 1.0,
        "precision": 1.0,
        "recall": 1.0,
        "f1": 1.0,
        "confusion_matrix": [
          [
            24,
            0
          ],
          [
            0,
            24
          ]
        ]
      },
      "condition_B": {
        "accuracy": 0.9930555555555556,
        "precision": 1.0,
        "recall": 0.9916666666666667,
        "f1": 0.99581589958159,
        "confusion_matrix": [
          [
            24,
            0
          ],
          [
            1,
            119
          ]
        ]
      },
      "delta_f1": 0.004184100418409997,
      "delta_recall": 0.008333333333333304
    },
    {
      "fold": 5,
      "n_groups_train": 192,
      "n_groups_test": 48,
      "n_train_rows": 192,
      "n_testA_rows": 48,
      "n_testB_rows": 144,
      "condition_A": {
        "accuracy": 0.9375,
        "precision": 1.0,
        "recall": 0.875,
        "f1": 0.9333333333333333,
        "confusion_matrix": [
          [
            24,
            0
          ],
          [
            3,
            21
          ]
        ]
      },
      "condition_B": {
        "accuracy": 0.9791666666666666,
        "precision": 1.0,
        "recall": 0.975,
        "f1": 0.9873417721518988,
        "confusion_matrix": [
          [
            24,
            0
          ],
          [
            3,
            117
          ]
        ]
      },
      "delta_f1": -0.05400843881856543,
      "delta_recall": -0.09999999999999998
    }
  ],
  "aggregate": {
    "A_f1": {
      "mean": 0.9609420289855073,
      "std": 0.024153925111639232
    },
    "B_f1": {
      "mean": 0.9804099997647937,
      "std": 0.010785430154703055
    },
    "A_recall": {
      "mean": 0.9333333333333332,
      "std": 0.04750730937913076
    },
    "B_recall": {
      "mean": 0.9633333333333333,
      "std": 0.020069324297987176
    },
    "delta_f1": {
      "mean": -0.01946797077928635,
      "std": 0.02122449731507691
    },
    "delta_recall": {
      "mean": -0.030000000000000006,
      "std": 0.04273627134986027
    }
  }
}