{
  "model": "tfidf_logreg",
  "dataset": "final\\phase1_dataset.jsonl",
  "seed": 6,
  "folds": 5,
  "grouping": {
    "rule": "phish paraphrase\u2192base_msg_id else\u2192msg_id",
    "n_groups_total": 240
  },
  "training_rule": "train on legit + phishing originals only",
  "conditions": {
    "A": "test on legit + phishing originals",
    "B": "test on legit + phishing paraphrases"
  },
  "fold_results": [
    {
      "fold": 1,
      "n_groups_train": 192,
      "n_groups_test": 48,
      "n_train_rows": 192,
      "n_testA_rows": 48,
      "n_testB_rows": 144,
      "condition_A": {
        "accuracy": 0.9791666666666666,
        "precision": 1.0,
        "recall": 0.9583333333333334,
        "f1": 0.9787234042553191,
        "confusion_matrix": [
          [
            24,
            0
          ],
          [
            1,
            23
          ]
        ]
      },
      "condition_B": {
        "accuracy": 0.9652777777777778,
        "precision": 1.0,
        "recall": 0.9583333333333334,
        "f1": 0.9787234042553191,
        "confusion_matrix": [
          [
            24,
            0
          ],
          [
            5,
            115
          ]
        ]
      },
      "delta_f1": 0.0,
      "delta_recall": 0.0
    },
    {
      "fold": 2,
      "n_groups_train": 192,
      "n_groups_test": 48,
      "n_train_rows": 192,
      "n_testA_rows": 48,
      "n_testB_rows": 144,
      "condition_A": {
        "accuracy": 0.9583333333333334,
        "precision": 0.9583333333333334,
        "recall": 0.9583333333333334,
        "f1": 0.9583333333333334,
        "confusion_matrix": [
          [
            23,
            1
          ],
          [
            1,
            23
          ]
        ]
      },
      "condition_B": {
        "accuracy": 0.9791666666666666,
        "precision": 0.9915966386554622,
        "recall": 0.9833333333333333,
        "f1": 0.9874476987447699,
        "confusion_matrix": [
          [
            23,
            1
          ],
          [
            2,
            118
          ]
        ]
      },
      "delta_f1": -0.029114365411436527,
      "delta_recall": -0.02499999999999991
    },
    {
      "fold": 3,
      "n_groups_train": 192,
      "n_groups_test": 48,
      "n_train_rows": 192,
      "n_testA_rows": 48,
      "n_testB_rows": 144,
      "condition_A": {
        "accuracy": 0.9375,
        "precision": 1.0,
        "recall": 0.875,
        "f1": 0.9333333333333333,
        "confusion_matrix": [
          [
            24,
            0
          ],
          [
            3,
            21
          ]
        ]
      },
      "condition_B": {
        "accuracy": 0.9722222222222222,
        "precision": 1.0,
        "recall": 0.9666666666666667,
        "f1": 0.9830508474576272,
        "confusion_matrix": [
          [
            24,
            0
          ],
          [
            4,
            116
          ]
        ]
      },
      "delta_f1": -0.049717514124293816,
      "delta_recall": -0.09166666666666667
    },
    {
      "fold": 4,
      "n_groups_train": 192,
      "n_groups_test": 48,
      "n_train_rows": 192,
      "n_testA_rows": 48,
      "n_testB_rows": 144,
      "condition_A": {
        "accuracy": 1.0,
        "precision": 1.0,
        "recall": 1.0,
        "f1": 1.0,
        "confusion_matrix": [
          [
            24,
            0
          ],
          [
            0,
            24
          ]
        ]
      },
      "condition_B": {
        "accuracy": 0.9722222222222222,
        "precision": 1.0,
        "recall": 0.9666666666666667,
        "f1": 0.9830508474576272,
        "confusion_matrix": [
          [
            24,
            0
          ],
          [
            4,
            116
          ]
        ]
      },
      "delta_f1": 0.016949152542372836,
      "delta_recall": 0.033333333333333326
    },
    {
      "fold": 5,
      "n_groups_train": 192,
      "n_groups_test": 48,
      "n_train_rows": 192,
      "n_testA_rows": 48,
      "n_testB_rows": 144,
      "condition_A": {
        "accuracy": 0.9791666666666666,
        "precision": 0.96,
        "recall": 1.0,
        "f1": 0.9795918367346939,
        "confusion_matrix": [
          [
            23,
            1
          ],
          [
            0,
            24
          ]
        ]
      },
      "condition_B": {
        "accuracy": 0.9513888888888888,
        "precision": 0.991304347826087,
        "recall": 0.95,
        "f1": 0.9702127659574468,
        "confusion_matrix": [
          [
            23,
            1
          ],
          [
            6,
            114
          ]
        ]
      },
      "delta_f1": 0.00937907077724709,
      "delta_recall": 0.050000000000000044
    }
  ],
  "aggregate": {
    "A_f1": {
      "mean": 0.969996381531336,
      "std": 0.025242110667670594
    },
    "B_f1": {
      "mean": 0.980497112774558,
      "std": 0.0065243313519121205
    },
    "A_recall": {
      "mean": 0.9583333333333334,
      "std": 0.05103103630798288
    },
    "B_recall": {
      "mean": 0.9650000000000001,
      "std": 0.012360330811826095
    },
    "delta_f1": {
      "mean": -0.010500731243222084,
      "std": 0.028032978085405672
    },
    "delta_recall": {
      "mean": -0.006666666666666643,
      "std": 0.055715048834822596
    }
  }
}